CODGEO;LIBGEO;Statut Commune;Code département;Code de la commune
29268;Saint-Thonan;unité urbaine;29;268
29287;Tréflez;hors unité urbaine;29;287
22277;Saint-Brandan;hors unité urbaine;22;277
22147;Saint-Launeuc;hors unité urbaine;22;147
22332;Saint-Trimoël;hors unité urbaine;22;332
22072;Gurunhuel;hors unité urbaine;22;072
22082;Le Hinglé;unité urbaine;22;082
22087;Kergrist-Moëlou;hors unité urbaine;22;087
22132;Lohuec;hors unité urbaine;22;132
22145;Mégrit;hors unité urbaine;22;145
22190;Pleslin-Trigavou;unité urbaine;22;190
22213;Plouër-sur-Rance;unité urbaine;22;213
22215;Ploufragan;unité urbaine;22;215
22235;Plouzélambre;hors unité urbaine;22;235
35163;Luitré-Dompierre;hors unité urbaine;35;163
35211;Paimpont;hors unité urbaine;35;211
35226;Pleugueneuc;hors unité urbaine;35;226
35235;Rannée;unité urbaine;35;235
35263;Saint-Coulomb;hors unité urbaine;35;263
35280;Saint-Hilaire-des-Landes;hors unité urbaine;35;280
35284;Saint-Jouan-des-Guérets;unité urbaine;35;284
35288;Saint-Malo;unité urbaine;35;288
35294;Sainte-Marie;unité urbaine;35;294
35069;Châteaugiron;unité urbaine;35;069
35091;Le Crouais;hors unité urbaine;35;091
29108;Landudec;hors unité urbaine;29;108
29171;Plomeur;unité urbaine;29;171
56021;Brandérion;hors unité urbaine;56;021
56022;Brandivy;hors unité urbaine;56;022
56042;Colpo;hors unité urbaine;56;042
56066;Gourin;unité urbaine;56;066
56083;Hennebont;unité urbaine;56;083
56093;Kergrist;hors unité urbaine;56;093
56115;Locmaria-Grand-Champ;unité urbaine;56;115
56129;Ménéac;hors unité urbaine;56;129
56145;Néant-sur-Yvel;hors unité urbaine;56;145
56154;Peillac;hors unité urbaine;56;154
56178;Pontivy;unité urbaine;56;178
56195;La Roche-Bernard;hors unité urbaine;56;195
56209;Sainte-Brigitte;hors unité urbaine;56;209
56250;Théhillac;hors unité urbaine;56;250
56252;Le Tour-du-Parc;hors unité urbaine;56;252
35014;Bais;hors unité urbaine;35;014
35087;Cornillé;hors unité urbaine;35;087
35141;Landavran;hors unité urbaine;35;141
35168;Val d'Anast;hors unité urbaine;35;168
35169;Maxent;hors unité urbaine;35;169
35187;Monterfil;hors unité urbaine;35;187
35196;Mordelles;unité urbaine;35;196
35237;Renac;hors unité urbaine;35;237
35250;Saint-Armel;hors unité urbaine;35;250
35265;Saint-Domineuc;hors unité urbaine;35;265
35292;Saint-Marc-le-Blanc;hors unité urbaine;35;292
35307;Saint-Pern;hors unité urbaine;35;307
35311;Saint-Séglin;hors unité urbaine;35;311
35321;Saulnières;hors unité urbaine;35;321
35358;La Ville-ès-Nonais;hors unité urbaine;35;358
22006;Berhet;hors unité urbaine;22;006
22140;La Malhoure;hors unité urbaine;22;140
22155;La Motte;hors unité urbaine;22;155
22178;Pléhédel;hors unité urbaine;22;178
22181;Plélauff;hors unité urbaine;22;181
22187;Plérin;unité urbaine;22;187
22193;Plestan;hors unité urbaine;22;193
29010;Bodilis;hors unité urbaine;29;010
29023;Carantec;unité urbaine;29;023
29057;La Forêt-Fouesnant;unité urbaine;29;057
29066;Guengat;hors unité urbaine;29;066
29105;Landivisiau;unité urbaine;29;105
29142;Lothey;hors unité urbaine;29;142
29143;Mahalon;hors unité urbaine;29;143
29159;Peumerit;hors unité urbaine;29;159
29180;Ploudiry;hors unité urbaine;29;180
29182;Plouégat-Guérand;hors unité urbaine;29;182
29191;Plougonven;hors unité urbaine;29;191
29201;Ploumoguer;hors unité urbaine;29;201
29240;Rosnoën;hors unité urbaine;29;240
22278;Saint-Brieuc;unité urbaine;22;278
22285;Saint-Connec;hors unité urbaine;22;285
22288;Saint-Étienne-du-Gué-de-l'Isle;hors unité urbaine;22;288
22338;Squiffiec;hors unité urbaine;22;338
22340;Tonquédec;hors unité urbaine;22;340
22349;Trédrez-Locquémeau;hors unité urbaine;22;349
22384;Uzel;hors unité urbaine;22;384
56004;Arzal;hors unité urbaine;56;004
56043;Concoret;hors unité urbaine;56;043
56079;Guillac;hors unité urbaine;56;079
56113;Locmalo;hors unité urbaine;56;113
56153;Péaule;hors unité urbaine;56;153
56162;Ploemeur;unité urbaine;56;162
56203;Saint-Aignan;hors unité urbaine;56;203
56212;Saint-Dolay;hors unité urbaine;56;212
56247;Sulniac;unité urbaine;56;247
29267;Saint-Thois;hors unité urbaine;29;267
29276;Sibiril;hors unité urbaine;29;276
29294;Le Tréhou;hors unité urbaine;29;294
22274;Saint-André-des-Eaux;hors unité urbaine;22;274
22318;Saint-Michel-de-Plélan;hors unité urbaine;22;318
22356;Trégomeur;hors unité urbaine;22;356
22389;Yffiniac;unité urbaine;22;389
22001;Allineuc;hors unité urbaine;22;001
22029;Canihuel;hors unité urbaine;22;029
22061;Glomel;hors unité urbaine;22;061
22079;Hénon;hors unité urbaine;22;079
22091;Kermoroc'h;hors unité urbaine;22;091
22112;Lannebert;hors unité urbaine;22;112
22126;Le Leslay;hors unité urbaine;22;126
22156;Moustéru;hors unité urbaine;22;156
22164;Pédernec;hors unité urbaine;22;164
22184;Plémy;hors unité urbaine;22;184
22195;Pleubian;unité urbaine;22;195
56009;Bangor;hors unité urbaine;56;009
56045;Le Cours;hors unité urbaine;56;045
56087;Île-aux-Moines;hors unité urbaine;56;087
56089;Inguiniel;hors unité urbaine;56;089
56191;Réminiac;hors unité urbaine;56;191
56208;Saint-Brieuc-de-Mauron;hors unité urbaine;56;208
56220;Sainte-Hélène;hors unité urbaine;56;220
56230;Saint-Nicolas-du-Tertre;hors unité urbaine;56;230
29007;Berrien;hors unité urbaine;29;007
29047;Le Drennec;unité urbaine;29;047
29048;Edern;unité urbaine;29;048
29148;Mespaul;hors unité urbaine;29;148
29214;Plovan;hors unité urbaine;29;214
29221;Porspoder;unité urbaine;29;221
29280;Telgruc-sur-Mer;hors unité urbaine;29;280
29285;Tréflaouénan;hors unité urbaine;29;285
35038;Bréal-sous-Vitré;hors unité urbaine;35;038
35052;Champeaux;hors unité urbaine;35;052
35078;Cherrueix;hors unité urbaine;35;078
35119;Gennes-sur-Seiche;hors unité urbaine;35;119
35142;Landéan;hors unité urbaine;35;142
35173;Melesse;unité urbaine;35;173
35185;Montautour;hors unité urbaine;35;185
35238;Rennes;unité urbaine;35;238
35266;Saint-Erblon;unité urbaine;35;266
35270;Saint-Georges-de-Gréhaigne;hors unité urbaine;35;270
35273;Saint-Germain-en-Coglès;hors unité urbaine;35;273
35328;Sixt-sur-Aff;hors unité urbaine;35;328
35343;Tresbœuf;hors unité urbaine;35;343
35362;Le Tronchet;hors unité urbaine;35;362
22272;Saint-Agathon;unité urbaine;22;272
22299;Saint-Hélen;hors unité urbaine;22;299
22044;Coëtmieux;unité urbaine;22;044
22065;Goudelin;hors unité urbaine;22;065
22101;Langoat;unité urbaine;22;101
22104;Languédias;hors unité urbaine;22;104
22110;Lanmérin;hors unité urbaine;22;110
22176;Plédran;unité urbaine;22;176
22228;Plounévez-Moëdec;hors unité urbaine;22;228
22242;Plurien;hors unité urbaine;22;242
56002;Ambon;hors unité urbaine;56;002
56053;Elven;unité urbaine;56;053
56110;Lignol;hors unité urbaine;56;110
35010;Baguer-Pican;hors unité urbaine;35;010
35051;Cesson-Sévigné;unité urbaine;35;051
35109;Étrelles;hors unité urbaine;35;109
35155;Lohéac;hors unité urbaine;35;155
35161;Louvigné-de-Bais;hors unité urbaine;35;161
35193;Montreuil-le-Gast;hors unité urbaine;35;193
35194;Montreuil-sous-Pérouse;hors unité urbaine;35;194
35300;Saint-M'Hervé;hors unité urbaine;35;300
35337;Tinténiac;unité urbaine;35;337
35357;Villamée;hors unité urbaine;35;357
29302;Pont-de-Buis-lès-Quimerch;unité urbaine;29;302
29004;Bannalec;unité urbaine;29;004
29014;Botsorhel;hors unité urbaine;29;014
29032;Clohars-Fouesnant;unité urbaine;29;032
29044;Dinéault;hors unité urbaine;29;044
29045;Dirinon;hors unité urbaine;29;045
29061;Gouesnou;unité urbaine;29;061
29084;Île-Molène;hors unité urbaine;29;084
29104;Landévennec;hors unité urbaine;29;104
29139;Lopérec;hors unité urbaine;29;139
29156;Pencran;unité urbaine;29;156
29216;Pluguffan;unité urbaine;29;216
29236;Riec-sur-Bélon;unité urbaine;29;236
56005;Arzon;unité urbaine;56;005
56069;Groix;hors unité urbaine;56;069
56073;Guémené-sur-Scorff;hors unité urbaine;56;073
56074;Guénin;hors unité urbaine;56;074
56082;Helléan;hors unité urbaine;56;082
56106;Larmor-Baden;hors unité urbaine;56;106
56136;Monteneuf;hors unité urbaine;56;136
56155;Pénestin;hors unité urbaine;56;155
56200;Ruffiac;hors unité urbaine;56;200
56222;Saint-Jean-Brévelay;hors unité urbaine;56;222
56236;Saint-Servant;hors unité urbaine;56;236
56249;Taupont;hors unité urbaine;56;249
56262;Le Bono;unité urbaine;56;262
22281;Saint-Carreuc;hors unité urbaine;22;281
22308;Saint-Juvat;hors unité urbaine;22;308
22327;Saint-Samson-sur-Rance;hors unité urbaine;22;327
22345;Trébry;hors unité urbaine;22;345
22387;Le Vieux-Marché;unité urbaine;22;387
22014;Bourseul;hors unité urbaine;22;014
22024;Calanhel;hors unité urbaine;22;024
22062;Gomené;hors unité urbaine;22;062
22098;Landéhen;hors unité urbaine;22;098
22177;Pléguien;unité urbaine;22;177
22180;Plélan-le-Petit;hors unité urbaine;22;180
29288;Trégarantec;hors unité urbaine;29;288
29016;Brasparts;hors unité urbaine;29;016
29017;Brélès;unité urbaine;29;017
29064;Goulven;hors unité urbaine;29;064
29067;Guerlesquin;hors unité urbaine;29;067
29068;Guiclan;hors unité urbaine;29;068
29075;Guipavas;unité urbaine;29;075
29077;Guissény;hors unité urbaine;29;077
29100;Lanarvily;hors unité urbaine;29;100
29107;Landudal;hors unité urbaine;29;107
29132;Locquénolé;hors unité urbaine;29;132
29151;Morlaix;unité urbaine;29;151
29193;Plougourvest;hors unité urbaine;29;193
29207;Plourin-lès-Morlaix;unité urbaine;29;207
29215;Plozévet;unité urbaine;29;215
35050;Cardroc;hors unité urbaine;35;050
35067;Chasné-sur-Illet;hors unité urbaine;35;067
35102;Drouges;hors unité urbaine;35;102
35131;L'Hermitage;unité urbaine;35;131
35136;Janzé;unité urbaine;35;136
35171;Médréac;hors unité urbaine;35;171
35177;La Mézière;unité urbaine;35;177
35195;Montreuil-sur-Ille;unité urbaine;35;195
35258;Saint-Brieuc-des-Iffs;hors unité urbaine;35;258
35287;Saint-Lunaire;unité urbaine;35;287
35299;Saint-Méloir-des-Ondes;unité urbaine;35;299
35318;Saint-Thual;hors unité urbaine;35;318
29002;Arzano;hors unité urbaine;29;002
29034;Le Cloître-Saint-Thégonnec;hors unité urbaine;29;034
29037;Combrit;unité urbaine;29;037
29046;Douarnenez;unité urbaine;29;046
29097;Lampaul-Guimiliau;unité urbaine;29;097
29176;Plonévez-Porzay;hors unité urbaine;29;176
29188;Plougasnou;unité urbaine;29;188
29198;Plouider;hors unité urbaine;29;198
22323;Saint-Pôtan;hors unité urbaine;22;323
22333;Saint-Vran;hors unité urbaine;22;333
22347;Trédarzec;unité urbaine;22;347
22371;Trémorel;hors unité urbaine;22;371
22013;Bourbriac;hors unité urbaine;22;013
22035;Les Champs-Géraux;hors unité urbaine;22;035
22055;Binic-Étables-sur-Mer;unité urbaine;22;055
22056;Évran;hors unité urbaine;22;056
22059;Le Fœil;hors unité urbaine;22;059
22122;Laurenan;hors unité urbaine;22;122
22211;Ploubezre;unité urbaine;22;211
22234;Plouvara;hors unité urbaine;22;234
56056;Évriguet;hors unité urbaine;56;056
56058;Férel;hors unité urbaine;56;058
56098;Lanester;unité urbaine;56;098
56114;Locmaria;hors unité urbaine;56;114
56177;Pluvigner;unité urbaine;56;177
56239;Saint-Vincent-sur-Oust;hors unité urbaine;56;239
56244;Sérent;hors unité urbaine;56;244
56263;Sainte-Anne-d'Auray;unité urbaine;56;263
35027;Boisgervilly;hors unité urbaine;35;027
35040;Breteil;unité urbaine;35;040
35093;Dinard;unité urbaine;35;093
35133;Iffendic;unité urbaine;35;133
35156;Longaulnay;hors unité urbaine;35;156
35159;Lourmais;hors unité urbaine;35;159
35217;Le Pertre;hors unité urbaine;35;217
35218;Le Petit-Fougeray;hors unité urbaine;35;218
35228;Pleurtuit;unité urbaine;35;228
35231;Poligné;hors unité urbaine;35;231
35256;Saint-Briac-sur-Mer;unité urbaine;35;256
35309;Saint-Rémy-du-Plain;hors unité urbaine;35;309
35329;Sougeal;hors unité urbaine;35;329
35335;Thourie;hors unité urbaine;35;335
35346;Trimer;hors unité urbaine;35;346
29291;Trégourez;hors unité urbaine;29;291
56048;Le Croisty;hors unité urbaine;56;048
56100;Langonnet;hors unité urbaine;56;100
56117;Locminé;unité urbaine;56;117
56125;Malguénac;hors unité urbaine;56;125
56176;Pluneret;unité urbaine;56;176
56179;Pont-Scorff;unité urbaine;56;179
56040;Cléguer;hors unité urbaine;56;040
22261;Quintenic;hors unité urbaine;22;261
22291;Saint-Gildas;hors unité urbaine;22;291
22304;Saint-Jean-Kerdaniel;hors unité urbaine;22;304
22315;Saint-Maudez;hors unité urbaine;22;315
22330;Saint-Thélo;hors unité urbaine;22;330
35026;Bléruais;hors unité urbaine;35;026
35041;Brie;hors unité urbaine;35;041
35101;Dourdain;hors unité urbaine;35;101
35120;Gévezé;unité urbaine;35;120
35138;Laignelet;hors unité urbaine;35;138
35199;Moussé;hors unité urbaine;35;199
35230;Poilley;hors unité urbaine;35;230
35305;Saint-Péran;hors unité urbaine;35;305
35353;Vezin-le-Coquet;unité urbaine;35;353
35360;Vitré;unité urbaine;35;360
22002;Andel;hors unité urbaine;22;002
22011;Boqueho;hors unité urbaine;22;011
22018;Brélidy;hors unité urbaine;22;018
22026;Calorguen;hors unité urbaine;22;026
22047;Corlay;hors unité urbaine;22;047
22137;Maël-Carhaix;hors unité urbaine;22;137
22147;Merdrignac;unité urbaine;22;147
22148;Mérillac;hors unité urbaine;22;148
22158;Guerlédan;hors unité urbaine;22;158
22169;Peumerit-Quintin;hors unité urbaine;22;169
22174;Pléboulle;hors unité urbaine;22;174
22175;Plédéliac;hors unité urbaine;22;175
22260;Le Quillio;hors unité urbaine;22;260
29054;La Feuillée;hors unité urbaine;29;054
29069;Guilers;unité urbaine;29;069
29144;La Martyre;hors unité urbaine;29;144
29158;Penmarch;unité urbaine;29;158
29170;Plomelin;unité urbaine;29;170
29178;Ploudalmézeau;unité urbaine;29;178
29224;Pouldergat;hors unité urbaine;29;224
29233;Quimperlé;unité urbaine;29;233
22310;Saint-Laurent;hors unité urbaine;22;310
22339;Taden;hors unité urbaine;22;339
22037;La Chapelle-Neuve;hors unité urbaine;22;037
22095;Landebaëron;hors unité urbaine;22;095
22143;Matignon;hors unité urbaine;22;143
22153;Moncontour;hors unité urbaine;22;153
22166;Penvénan;hors unité urbaine;22;166
22229;Plounévez-Quintin;hors unité urbaine;22;229
22239;Plumaudan;hors unité urbaine;22;239
22240;Plumaugat;hors unité urbaine;22;240
22250;Pontrieux;hors unité urbaine;22;250
22276;Saint-Bihy;hors unité urbaine;22;276
22305;Saint-Jouan-de-l'Isle;hors unité urbaine;22;305
29086;Irvillac;hors unité urbaine;29;086
29101;Landéda;unité urbaine;29;101
29125;Leuhan;hors unité urbaine;29;125
29150;Moëlan-sur-Mer;unité urbaine;29;150
29179;Ploudaniel;hors unité urbaine;29;179
29225;Pouldreuzic;hors unité urbaine;29;225
29234;Rédené;hors unité urbaine;29;234
35018;La Bazouge-du-Désert;hors unité urbaine;35;018
35021;Beaucé;unité urbaine;35;021
35096;Domagné;hors unité urbaine;35;096
35115;Fougères;unité urbaine;35;115
35121;Gosné;hors unité urbaine;35;121
35127;Guignen;hors unité urbaine;35;127
35150;Lécousse;unité urbaine;35;150
35257;Maen Roch;unité urbaine;35;257
35312;Saint-Senoux;hors unité urbaine;35;312
35317;Saint-Symphorien;hors unité urbaine;35;317
56018;Billiers;hors unité urbaine;56;018
56030;Camoël;hors unité urbaine;56;030
56047;Crédin;hors unité urbaine;56;047
56068;La Grée-Saint-Laurent;hors unité urbaine;56;068
56081;Guiscriff;hors unité urbaine;56;081
56112;Lizio;hors unité urbaine;56;112
56121;Lorient;unité urbaine;56;121
56123;Malansac;hors unité urbaine;56;123
56161;Ploemel;hors unité urbaine;56;161
56175;Plumergat;hors unité urbaine;56;175
56182;Priziac;hors unité urbaine;56;182
56197;Val d'Oust;hors unité urbaine;56;197
29022;Camaret-sur-Mer;unité urbaine;29;022
29026;Châteaulin;unité urbaine;29;026
29027;Châteauneuf-du-Faou;unité urbaine;29;027
29080;Hôpital-Camfrout;unité urbaine;29;080
29119;Lanrivoaré;hors unité urbaine;29;119
29152;Motreff;hors unité urbaine;29;152
29161;Pleuven;unité urbaine;29;161
29222;Port-Launay;unité urbaine;29;222
29228;Primelin;hors unité urbaine;29;228
29259;Saint-Pol-de-Léon;unité urbaine;29;259
29260;Saint-Renan;unité urbaine;29;260
56152;Le Palais;unité urbaine;56;152
56184;Questembert;unité urbaine;56;184
56243;Séné;unité urbaine;56;243
56254;Trédion;hors unité urbaine;56;254
56260;Vannes;unité urbaine;56;260
56003;Arradon;unité urbaine;56;003
56023;Brech;unité urbaine;56;023
56034;Carnac;unité urbaine;56;034
56084;Le Hézo;hors unité urbaine;56;084
56099;Langoëlan;hors unité urbaine;56;099
56120;Locqueltas;unité urbaine;56;120
22343;Trébeurden;unité urbaine;22;343
35016;Baulon;hors unité urbaine;35;016
35032;Bourgbarré;unité urbaine;35;032
35066;Chartres-de-Bretagne;unité urbaine;35;066
35092;Cuguen;hors unité urbaine;35;092
35111;Le Ferré;hors unité urbaine;35;111
35151;Lieuron;hors unité urbaine;35;151
35212;Pancé;hors unité urbaine;35;212
35219;Pipriac;unité urbaine;35;219
35339;Trans-la-Forêt;hors unité urbaine;35;339
35356;Vignoc;hors unité urbaine;35;356
22008;Bobital;unité urbaine;22;008
22084;Jugon-les-Lacs;hors unité urbaine;22;084
22115;Lanrivain;hors unité urbaine;22;115
22206;Châtelaudren-Plouagat;unité urbaine;22;206
22220;Plouguernével;hors unité urbaine;22;220
56032;Campénéac;hors unité urbaine;56;032
56039;La Chapelle-Neuve;hors unité urbaine;56;039
56122;Loyat;hors unité urbaine;56;122
56132;Meucon;unité urbaine;56;132
56205;Saint-Armel;hors unité urbaine;56;205
56219;Saint-Guyomard;hors unité urbaine;56;219
56225;Saint-Léry;hors unité urbaine;56;225
56258;La Trinité-sur-Mer;unité urbaine;56;258
22283;Saint-Clet;hors unité urbaine;22;283
22317;Saint-Méloir-des-Bois;hors unité urbaine;22;317
22321;Saint-Nicolas-du-Pélem;hors unité urbaine;22;321
22322;Saint-Péver;hors unité urbaine;22;322
22366;Trémel;hors unité urbaine;22;366
22028;Camlez;hors unité urbaine;22;028
22067;Grâces;unité urbaine;22;067
22077;Hénansal;hors unité urbaine;22;077
22083;Illifaut;hors unité urbaine;22;083
22086;Kerfot;unité urbaine;22;086
22129;Loc-Envel;hors unité urbaine;22;129
22135;Louargat;hors unité urbaine;22;135
22160;Noyal;unité urbaine;22;160
22197;Pleudihen-sur-Rance;hors unité urbaine;22;197
22204;Ploëzal;hors unité urbaine;22;204
22222;Plouha;unité urbaine;22;222
22224;Ploulec'h;unité urbaine;22;224
22231;Plourac'h;hors unité urbaine;22;231
22236;Pludual;hors unité urbaine;22;236
22238;Plufur;hors unité urbaine;22;238
22244;Plussulien;hors unité urbaine;22;244
22256;Quemper-Guézennec;hors unité urbaine;22;256
29012;Bolazec;hors unité urbaine;29;012
29021;Plounéour-Brignogan-plages;hors unité urbaine;29;021
29035;Coat-Méal;hors unité urbaine;29;035
29099;Lampaul-Ploudalmézeau;hors unité urbaine;29;099
29114;Lannéanou;hors unité urbaine;29;114
29128;Loc-Eguiner;hors unité urbaine;29;128
29135;Loctudy;unité urbaine;29;135
29162;Pleyben;unité urbaine;29;162
29172;Plomodiern;hors unité urbaine;29;172
29239;Roscoff;unité urbaine;29;239
35044;Broualan;hors unité urbaine;35;044
35046;Les Brulais;hors unité urbaine;35;046
35055;Chantepie;unité urbaine;35;055
35128;Guipel;hors unité urbaine;35;128
35143;Landujan;hors unité urbaine;35;143
35188;Montfort-sur-Meu;unité urbaine;35;188
35216;Parthenay-de-Bretagne;hors unité urbaine;35;216
35241;La Richardais;unité urbaine;35;241
35247;Roz-sur-Couesnon;hors unité urbaine;35;247
35302;Saint-Onen-la-Chapelle;unité urbaine;35;302
35306;Saint-Père-Marc-en-Poulet;hors unité urbaine;35;306
56011;Béganne;hors unité urbaine;56;011
56050;La Croix-Helléan;hors unité urbaine;56;050
56054;Erdeven;unité urbaine;56;054
56077;Le Guerno;hors unité urbaine;56;077
56165;Ploërmel;unité urbaine;56;165
56167;Plougoumelen;hors unité urbaine;56;167
56231;Saint-Nolff;unité urbaine;56;231
56234;Saint-Pierre-Quiberon;unité urbaine;56;234
56242;Séglien;hors unité urbaine;56;242
56264;Kernascléden;hors unité urbaine;56;264
29036;Collorec;hors unité urbaine;29;036
29065;Gourlizon;hors unité urbaine;29;065
29074;Guimiliau;hors unité urbaine;29;074
29085;Île-Tudy;unité urbaine;29;085
29136;Locunolé;hors unité urbaine;29;136
29147;Mellac;hors unité urbaine;29;147
29167;Plogastel-Saint-Germain;hors unité urbaine;29;167
29181;Plouédern;hors unité urbaine;29;181
35003;Andouillé-Neuville;hors unité urbaine;35;003
35017;La Baussaine;hors unité urbaine;35;017
35019;Bazouges-la-Pérouse;hors unité urbaine;35;019
35033;Bourg-des-Comptes;unité urbaine;35;033
35056;La Chapelle-aux-Filtzméens;hors unité urbaine;35;056
35060;La Chapelle du Lou du Lac;hors unité urbaine;35;060
35076;Chavagne;unité urbaine;35;076
35086;Combourtillé;hors unité urbaine;35;086
35117;Gaël;hors unité urbaine;35;117
35124;Grand-Fougeray;hors unité urbaine;35;124
35126;Guichen;unité urbaine;35;126
35198;Moulins;hors unité urbaine;35;198
35208;Orgères;unité urbaine;35;208
35232;Princé;hors unité urbaine;35;232
35268;Saint-Ganton;hors unité urbaine;35;268
35276;Saint-Gondran;hors unité urbaine;35;276
35283;Saint-Jean-sur-Vilaine;hors unité urbaine;35;283
35331;Talensac;hors unité urbaine;35;331
22009;Le Bodéo;hors unité urbaine;22;009
22020;Broons;unité urbaine;22;020
22152;Minihy-Tréguier;unité urbaine;22;152
22182;Plélo;hors unité urbaine;22;182
22199;Pleumeur-Gautier;hors unité urbaine;22;199
22342;Trébédan;hors unité urbaine;22;342
22289;Saint-Fiacre;hors unité urbaine;22;289
22326;Saint-Rieul;hors unité urbaine;22;326
22331;Sainte-Tréphine;hors unité urbaine;22;331
22378;Trévérec;hors unité urbaine;22;378
29271;Saint-Vougay;hors unité urbaine;29;271
35192;Montreuil-des-Landes;hors unité urbaine;35;192
35249;Sainte-Anne-sur-Vilaine;hors unité urbaine;35;249
35320;Saint-Uniac;hors unité urbaine;35;320
22296;Saint-Glen;hors unité urbaine;22;296
22348;Trédias;hors unité urbaine;22;348
22361;Tréguidel;hors unité urbaine;22;361
22370;Tréméven;hors unité urbaine;22;370
22034;Cavan;hors unité urbaine;22;034
22052;Duault;hors unité urbaine;22;052
22064;Gouarec;hors unité urbaine;22;064
22075;Hémonstoir;hors unité urbaine;22;075
22081;Hillion;hors unité urbaine;22;081
22116;Lanrodec;hors unité urbaine;22;116
22144;La Méaugon;unité urbaine;22;144
22162;Paimpol;unité urbaine;22;162
22207;Plouaret;unité urbaine;22;207
22221;Plouguiel;unité urbaine;22;221
29030;Cléder;unité urbaine;29;030
29039;Concarneau;unité urbaine;29;039
29102;Landeleau;hors unité urbaine;29;102
29103;Landerneau;unité urbaine;29;103
29199;Plouigneau;unité urbaine;29;199
56071;Guéhenno;hors unité urbaine;56;071
56127;Mauron;hors unité urbaine;56;127
56134;Mohon;hors unité urbaine;56;134
56139;Montertelot;hors unité urbaine;56;139
56143;Muzillac;unité urbaine;56;143
56147;Nivillac;hors unité urbaine;56;147
56190;Réguiny;hors unité urbaine;56;190
56196;Rochefort-en-Terre;hors unité urbaine;56;196
56207;Saint-Barthélemy;hors unité urbaine;56;207
56246;Le Sourn;unité urbaine;56;246
56248;Surzur;unité urbaine;56;248
29284;Treffiagat;unité urbaine;29;284
29300;Le Trévoux;hors unité urbaine;29;300
56033;Carentoir;hors unité urbaine;56;033
56067;Grand-Champ;unité urbaine;56;067
56085;Hœdic;hors unité urbaine;56;085
56173;Pluméliau-Bieuzy;hors unité urbaine;56;173
56194;Rieux;unité urbaine;56;194
56204;Saint-Allouestre;hors unité urbaine;56;204
56215;Saint-Gonnery;hors unité urbaine;56;215
35123;Goven;unité urbaine;35;123
35236;Redon;unité urbaine;35;236
35259;Saint-Broladre;hors unité urbaine;35;259
29279;Taulé;hors unité urbaine;29;279
29293;Trégunc;unité urbaine;29;293
56010;Baud;unité urbaine;56;010
56057;Le Faouët;unité urbaine;56;057
56072;Gueltas;hors unité urbaine;56;072
56107;Larmor-Plage;unité urbaine;56;107
56233;Saint-Philibert;unité urbaine;56;233
22268;Ruca;hors unité urbaine;22;268
22334;Saint-Igeaux;hors unité urbaine;22;334
22376;Trévé;hors unité urbaine;22;376
22381;Trézény;hors unité urbaine;22;381
35009;Baguer-Morvan;hors unité urbaine;35;009
35015;Balazé;hors unité urbaine;35;015
35047;Bruz;unité urbaine;35;047
35077;Chelun;hors unité urbaine;35;077
35152;Liffré;unité urbaine;35;152
35162;Louvigné-du-Désert;unité urbaine;35;162
35190;Monthault;hors unité urbaine;35;190
35243;Romagné;unité urbaine;35;243
35255;Saint-Benoît-des-Ondes;hors unité urbaine;35;255
35289;Saint-Malo-de-Phily;hors unité urbaine;35;289
35314;Saint-Suliac;hors unité urbaine;35;314
35322;Le Sel-de-Bretagne;hors unité urbaine;35;322
22045;Cohiniac;hors unité urbaine;22;045
22076;Hénanbihen;hors unité urbaine;22;076
22096;Landébia;hors unité urbaine;22;096
22107;Bon Repos sur Blavet;hors unité urbaine;22;107
22117;Lantic;hors unité urbaine;22;117
22127;Lézardrieux;unité urbaine;22;127
22237;Pléven;hors unité urbaine;22;237
22257;Quemperven;hors unité urbaine;22;257
22259;Quévert;unité urbaine;22;259
29094;Kernouës;unité urbaine;29;094
29131;Locmélar;hors unité urbaine;29;131
29134;Locronan;hors unité urbaine;29;134
29187;Plougar;hors unité urbaine;29;187
29217;Pont-Aven;unité urbaine;29;217
29229;Quéménéven;hors unité urbaine;29;229
29243;Saint-Coulitz;hors unité urbaine;29;243
29249;Saint-Goazec;hors unité urbaine;29;249
29251;Saint-Jean-du-Doigt;unité urbaine;29;251
22324;Saint-Quay-Perros;unité urbaine;22;324
22380;Trévron;hors unité urbaine;22;380
22021;Brusvily;hors unité urbaine;22;021
22033;Caurel;hors unité urbaine;22;033
22039;La Chèze;hors unité urbaine;22;039
22063;Gommenec'h;hors unité urbaine;22;063
22073;La Harmoye;hors unité urbaine;22;073
22189;Plésidy;hors unité urbaine;22;189
22251;Pordic;unité urbaine;22;251
29015;Bourg-Blanc;unité urbaine;29;015
29043;Daoulas;hors unité urbaine;29;043
29049;Elliant;hors unité urbaine;29;049
29071;Guilligomarc'h;hors unité urbaine;29;071
29081;Huelgoat;hors unité urbaine;29;081
29082;Île-de-Batz;hors unité urbaine;29;082
29083;Île-de-Sein;hors unité urbaine;29;083
29091;Kerlouan;unité urbaine;29;091
29115;Lannédern;hors unité urbaine;29;115
29169;Plogonnec;hors unité urbaine;29;169
29185;Plouescat;unité urbaine;29;185
29197;Plouhinec;unité urbaine;29;197
29206;Plounévez-Lochrist;hors unité urbaine;29;206
29220;Pont-l'Abbé;unité urbaine;29;220
29269;Saint-Thurien;hors unité urbaine;29;269
29290;Tréglonou;hors unité urbaine;29;290
29298;Tréogat;hors unité urbaine;29;298
22273;Saint-Alban;hors unité urbaine;22;273
22280;Saint-Carné;unité urbaine;22;280
22316;Saint-Mayeux;hors unité urbaine;22;316
22350;Tréduder;hors unité urbaine;22;350
22360;Trégueux;unité urbaine;22;360
29028;Cléden-Cap-Sizun;hors unité urbaine;29;028
29040;Le Conquet;unité urbaine;29;040
29073;Guimaëc;unité urbaine;29;073
29110;Langolen;hors unité urbaine;29;110
29124;Lesneven;unité urbaine;29;124
29137;Logonna-Daoulas;hors unité urbaine;29;137
29209;Plouvien;unité urbaine;29;209
29210;Plouvorn;unité urbaine;29;210
29238;Roscanvel;hors unité urbaine;29;238
29241;Rosporden;unité urbaine;29;241
35005;Arbrissel;hors unité urbaine;35;005
35189;Montgermont;unité urbaine;35;189
35229;Pocé-les-Bois;hors unité urbaine;35;229
35261;Saint-Christophe-de-Valains;hors unité urbaine;35;261
35262;Sainte-Colombe;hors unité urbaine;35;262
35285;Saint-Just;hors unité urbaine;35;285
35351;Le Verger;hors unité urbaine;35;351
22048;Corseul;hors unité urbaine;22;048
22071;Guitté;hors unité urbaine;22;071
22150;Le Merzer;hors unité urbaine;22;150
22165;Penguily;hors unité urbaine;22;165
22170;Plaine-Haute;hors unité urbaine;22;170
56001;Allaire;unité urbaine;56;001
56174;Plumelin;hors unité urbaine;56;174
56185;Quéven;unité urbaine;56;185
56228;Saint-Marcel;unité urbaine;56;228
56006;Augan;hors unité urbaine;56;006
56029;Calan;hors unité urbaine;56;029
56092;Kerfourn;hors unité urbaine;56;092
56109;Lauzach;hors unité urbaine;56;109
56111;Limerzel;hors unité urbaine;56;111
56169;Plouhinec;unité urbaine;56;169
35122;La Gouesnière;hors unité urbaine;35;122
35145;Langon;hors unité urbaine;35;145
35181;Le Minihic-sur-Rance;hors unité urbaine;35;181
35242;Rimou;hors unité urbaine;35;242
22275;Saint-Barnabé;hors unité urbaine;22;275
22287;Saint-Donan;hors unité urbaine;22;287
22306;Saint-Judoce;hors unité urbaine;22;306
22320;Saint-Nicodème;hors unité urbaine;22;320
22353;Trégastel;unité urbaine;22;353
22391;Yvignac-la-Tour;hors unité urbaine;22;391
29299;Tréouergat;hors unité urbaine;29;299
29013;Botmeur;hors unité urbaine;29;013
29041;Coray;hors unité urbaine;29;041
29055;Le Folgoët;unité urbaine;29;055
29063;Goulien;hors unité urbaine;29;063
29072;Guilvinec;unité urbaine;29;072
29076;Milizac-Guipronvel;unité urbaine;29;076
29112;Lanildut;unité urbaine;29;112
29255;Saint-Méen;hors unité urbaine;29;255
56101;Languidic;unité urbaine;56;101
56105;Lanvénégen;hors unité urbaine;56;105
56119;Locoal-Mendon;hors unité urbaine;56;119
56126;Marzan;hors unité urbaine;56;126
56146;Neulliac;hors unité urbaine;56;146
56180;Porcaro;hors unité urbaine;56;180
56210;Saint-Caradec-Trégomel;hors unité urbaine;56;210
22016;Île-de-Bréhat;hors unité urbaine;22;016
22109;Lanloup;hors unité urbaine;22;109
22134;Louannec;unité urbaine;22;134
22205;Plorec-sur-Arguenon;hors unité urbaine;22;205
22209;Beaussais-sur-Mer;unité urbaine;22;209
29051;Ergué-Gabéric;unité urbaine;29;051
29059;Garlan;hors unité urbaine;29;059
29078;Hanvec;hors unité urbaine;29;078
29106;Landrévarzec;hors unité urbaine;29;106
29192;Plougoulm;hors unité urbaine;29;192
29205;Plounévézel;unité urbaine;29;205
29211;Plouyé;hors unité urbaine;29;211
29235;Le Relecq-Kerhuon;unité urbaine;29;235
29244;Saint-Derrien;hors unité urbaine;29;244
29246;Saint-Eloy;hors unité urbaine;29;246
22266;Rostrenen;unité urbaine;22;266
22300;Saint-Hervé;hors unité urbaine;22;300
22325;Saint-Quay-Portrieux;unité urbaine;22;325
22363;Trélévern;unité urbaine;22;363
22364;Trélivan;unité urbaine;22;364
22032;Caulnes;hors unité urbaine;22;032
22113;Lannion;unité urbaine;22;113
22114;Lanrelas;hors unité urbaine;22;114
22201;Fréhel;hors unité urbaine;22;201
22223;Plouisy;unité urbaine;22;223
29282;Trébabu;hors unité urbaine;29;282
29297;Tréméven;unité urbaine;29;297
35001;Acigné;unité urbaine;35;001
35025;Billé;hors unité urbaine;35;025
35054;Chanteloup;hors unité urbaine;35;054
35062;La Chapelle-Fleurigné;hors unité urbaine;35;062
35164;Marcillé-Raoul;hors unité urbaine;35;164
35202;La Noë-Blanche;hors unité urbaine;35;202
35245;Romillé;unité urbaine;35;245
35324;La Selle-en-Luitré;hors unité urbaine;35;324
35361;Le Vivier-sur-Mer;hors unité urbaine;35;361
56008;Baden;unité urbaine;56;008
56012;Beignon;hors unité urbaine;56;012
56024;Bréhan;hors unité urbaine;56;024
56026;Bubry;hors unité urbaine;56;026
56035;Caro;hors unité urbaine;56;035
56078;Guidel;unité urbaine;56;078
56104;Lanvaudan;hors unité urbaine;56;104
56202;Saint-Abraham;hors unité urbaine;56;202
56015;Berric;hors unité urbaine;56;015
56025;Brignac;hors unité urbaine;56;025
56031;Camors;unité urbaine;56;031
56062;Gâvres;hors unité urbaine;56;062
56141;Moustoir-Ac;hors unité urbaine;56;141
56148;Nostang;hors unité urbaine;56;148
56198;Rohan;hors unité urbaine;56;198
56199;Roudouallec;hors unité urbaine;56;199
35363;Pont-Péan;unité urbaine;35;363
35064;La Chapelle-de-Brain;hors unité urbaine;35;064
35068;Châteaubourg;unité urbaine;35;068
35095;Dol-de-Bretagne;unité urbaine;35;095
35116;La Fresnais;unité urbaine;35;116
35118;Gahard;hors unité urbaine;35;118
35157;Le Loroux;hors unité urbaine;35;157
35197;Mouazé;hors unité urbaine;35;197
35204;Nouvoitou;unité urbaine;35;204
35221;Pléchâtel;hors unité urbaine;35;221
35248;Sains;hors unité urbaine;35;248
35281;Saint-Jacques-de-la-Lande;unité urbaine;35;281
35297;Saint-Méen-le-Grand;unité urbaine;35;297
35330;Taillis;hors unité urbaine;35;330
35352;Vern-sur-Seiche;unité urbaine;35;352
22054;Erquy;unité urbaine;22;054
22068;Grâce-Uzel;hors unité urbaine;22;068
22085;Kerbors;unité urbaine;22;085
22106;Langueux;unité urbaine;22;106
22133;Loscouët-sur-Meu;hors unité urbaine;22;133
22212;Plouëc-du-Trieux;hors unité urbaine;22;212
22232;Plourhan;unité urbaine;22;232
22237;Pluduno;unité urbaine;22;237
29005;Baye;hors unité urbaine;29;005
29095;Kersaint-Plabennec;hors unité urbaine;29;095
29116;Lanneuffret;hors unité urbaine;29;116
29120;Lanvéoc;hors unité urbaine;29;120
29145;Confort-Meilars;hors unité urbaine;29;145
29183;Plouégat-Moysan;hors unité urbaine;29;183
29212;Plouzané;unité urbaine;29;212
22346;Trédaniel;hors unité urbaine;22;346
22377;Tréveneuc;unité urbaine;22;377
22269;Runan;hors unité urbaine;22;269
22302;Saint-Jacut-de-la-Mer;hors unité urbaine;22;302
22286;Saint-Denoual;hors unité urbaine;22;286
22295;Saint-Gilles-Vieux-Marché;hors unité urbaine;22;295
22311;Saint-Lormel;hors unité urbaine;22;311
22383;Troguéry;hors unité urbaine;22;383
22386;Le Vieux-Bourg;hors unité urbaine;22;386
22036;La Chapelle-Blanche;hors unité urbaine;22;036
22057;Le Faouët;hors unité urbaine;22;057
22105;Languenan;hors unité urbaine;22;105
22119;Lanvellec;hors unité urbaine;22;119
22121;Lanvollon;unité urbaine;22;121
22149;Merléac;hors unité urbaine;22;149
22157;Le Moustoir;hors unité urbaine;22;157
22168;Perros-Guirec;unité urbaine;22;168
22183;Plémet;unité urbaine;22;183
22233;Plourivo;unité urbaine;22;233
56041;Cléguérec;hors unité urbaine;56;041
56080;Guilliers;hors unité urbaine;56;080
56128;Melrand;hors unité urbaine;56;128
56137;Monterblanc;unité urbaine;56;137
56144;Évellys;hors unité urbaine;56;144
56206;Saint-Avé;unité urbaine;56;206
56218;Saint-Gravé;hors unité urbaine;56;218
56232;Saint-Perreux;hors unité urbaine;56;232
56259;La Trinité-Surzur;hors unité urbaine;56;259
29117;Lannilis;unité urbaine;29;117
29163;Pleyber-Christ;unité urbaine;29;163
29266;Saint-Thégonnec Loc-Eguiner;unité urbaine;29;266
29295;Trémaouézan;hors unité urbaine;29;295
29296;Tréméoc;unité urbaine;29;296
35002;Amanlis;hors unité urbaine;35;002
35004;Val-Couesnon;hors unité urbaine;35;004
35008;Availles-sur-Seiche;hors unité urbaine;35;008
35098;La Dominelais;hors unité urbaine;35;098
35103;Eancé;hors unité urbaine;35;103
35132;Hirel;hors unité urbaine;35;132
35148;Lanrigan;hors unité urbaine;35;148
35154;Livré-sur-Changeon;hors unité urbaine;35;154
35183;Mondevert;hors unité urbaine;35;183
35203;La Nouaye;hors unité urbaine;35;203
35240;Le Rheu;unité urbaine;35;240
35275;Saint-Gilles;unité urbaine;35;275
35279;Saint-Guinoux;hors unité urbaine;35;279
35338;Torcé;hors unité urbaine;35;338
35347;Val-d'Izé;hors unité urbaine;35;347
29001;Argol;hors unité urbaine;29;001
29070;Guiler-sur-Goyen;hors unité urbaine;29;070
29079;Henvic;unité urbaine;29;079
29089;Kergloff;hors unité urbaine;29;089
29109;Landunvez;unité urbaine;29;109
29113;Lanmeur;unité urbaine;29;113
29123;Lennon;hors unité urbaine;29;123
29177;Plouarzel;hors unité urbaine;29;177
29196;Plouguin;hors unité urbaine;29;196
29213;Plouzévédé;hors unité urbaine;29;213
29247;Saint-Évarzec;unité urbaine;29;247
29257;Saint-Pabu;unité urbaine;29;257
29261;Saint-Rivoal;hors unité urbaine;29;261
29264;Saint-Servais;hors unité urbaine;29;264
29286;Tréflévénez;hors unité urbaine;29;286
29301;Trézilidé;hors unité urbaine;29;301
35049;Cancale;unité urbaine;35;049
35059;La Chapelle-des-Fougeretz;unité urbaine;35;059
35084;Comblessac;hors unité urbaine;35;084
35094;Dingé;hors unité urbaine;35;094
35106;Ercé-en-Lamée;hors unité urbaine;35;106
35317;Hédé-Bazouges;hors unité urbaine;35;317
35178;Mézières-sur-Couesnon;hors unité urbaine;35;178
35205;Noyal-sous-Bazouges;hors unité urbaine;35;205
35210;Pacé;unité urbaine;35;210
35225;Plesder;hors unité urbaine;35;225
35239;Retiers;unité urbaine;35;239
35244;Romazy;hors unité urbaine;35;244
35277;Saint-Gonlay;hors unité urbaine;35;277
35282;Rives-du-Couesnon;hors unité urbaine;35;282
35304;Saint-Ouen-des-Alleux;hors unité urbaine;35;304
35310;Saint-Sauveur-des-Landes;unité urbaine;35;310
35332;Teillay;hors unité urbaine;35;332
35334;Thorigné-Fouillard;unité urbaine;35;334
35342;Trémeheuc;hors unité urbaine;35;342
22003;Aucaleuc;hors unité urbaine;22;003
22241;Le Cambout;hors unité urbaine;22;241
22131;Loguivy-Plougras;hors unité urbaine;22;131
22163;Paule;hors unité urbaine;22;163
22185;Plénée-Jugon;hors unité urbaine;22;185
22196;Pleudaniel;hors unité urbaine;22;196
22208;Plouasne;hors unité urbaine;22;208
22214;Plouézec;unité urbaine;22;214
22226;Ploumilliau;hors unité urbaine;22;226
22243;Plusquellec;hors unité urbaine;22;243
22248;Pommerit-le-Vicomte;hors unité urbaine;22;248
22352;Tréfumel;hors unité urbaine;22;352
56044;Cournon;hors unité urbaine;56;044
56055;Étel;unité urbaine;56;055
56060;Les Fougerêts;hors unité urbaine;56;060
56063;Gestel;hors unité urbaine;56;063
56065;Gourhel;unité urbaine;56;065
56090;Inzinzac-Lochrist;unité urbaine;56;090
56116;Locmariaquer;hors unité urbaine;56;116
56124;Malestroit;unité urbaine;56;124
56140;Moréac;unité urbaine;56;140
56168;Plouharnel;unité urbaine;56;168
56181;Port-Louis;unité urbaine;56;181
56201;Le Saint;hors unité urbaine;56;201
56253;Tréal;hors unité urbaine;56;253
22328;Saint-Servais;hors unité urbaine;22;328
22341;Tramain;hors unité urbaine;22;341
22351;Treffrin;unité urbaine;22;351
22375;Tressignaux;unité urbaine;22;375
22379;Trévou-Tréguignec;unité urbaine;22;379
22388;Vildé-Guingalan;hors unité urbaine;22;388
29008;Beuzec-Cap-Sizun;hors unité urbaine;29;008
29111;Lanhouarneau;hors unité urbaine;29;111
29122;Laz;hors unité urbaine;29;122
29130;Locmaria-Plouzané;unité urbaine;29;130
29146;Melgven;hors unité urbaine;29;146
29173;Plonéis;unité urbaine;29;173
29218;Pont-Croix;hors unité urbaine;29;218
29245;Saint-Divy;unité urbaine;29;245
56118;Locmiquélic;unité urbaine;56;118
56158;Plescop;unité urbaine;56;158
56171;Pluherlin;hors unité urbaine;56;171
56255;Treffléan;hors unité urbaine;56;255
56256;Tréhorenteuc;hors unité urbaine;56;256
56027;Buléon;hors unité urbaine;56;027
56028;Caden;hors unité urbaine;56;028
56108;Larré;hors unité urbaine;56;108
35097;Domalain;hors unité urbaine;35;097
35110;Feins;hors unité urbaine;35;110
35125;La Guerche-de-Bretagne;unité urbaine;35;125
35167;Martigné-Ferchaud;hors unité urbaine;35;167
35170;Mecé;hors unité urbaine;35;170
35175;Mernel;hors unité urbaine;35;175
35201;Muel;hors unité urbaine;35;201
35224;Plerguer;unité urbaine;35;224
35233;Québriac;hors unité urbaine;35;233
35253;Saint-Aubin-du-Cormier;unité urbaine;35;253
35295;Saint-Maugan;hors unité urbaine;35;295
35336;Le Tiercent;hors unité urbaine;35;336
35035;Bovel;hors unité urbaine;35;035
35075;Chauvigné;hors unité urbaine;35;075
35080;Cintré;hors unité urbaine;35;080
35090;Crevin;unité urbaine;35;090
22015;Bréhand;hors unité urbaine;22;015
22099;Lanfains;hors unité urbaine;22;099
22103;Langrolay-sur-Rance;hors unité urbaine;22;103
22139;Magoar;hors unité urbaine;22;139
22172;Plancoët;unité urbaine;22;172
22216;Plougonver;hors unité urbaine;22;216
29272;Saint-Yvi;hors unité urbaine;29;272
29277;Sizun;hors unité urbaine;29;277
29278;Spézet;hors unité urbaine;29;278
29011;Bohars;unité urbaine;29;011
29025;Cast;hors unité urbaine;29;025
29033;Le Cloître-Pleyben;hors unité urbaine;29;033
29184;Plouénan;hors unité urbaine;29;184
29254;Saint-Martin-des-Champs;unité urbaine;29;254
56102;Forges de Lanouée;hors unité urbaine;56;102
56133;Missiriac;unité urbaine;56;133
56156;Persquen;hors unité urbaine;56;156
56157;Plaudren;hors unité urbaine;56;157
56170;Plouray;hors unité urbaine;56;170
56223;Saint-Jean-la-Poterie;unité urbaine;56;223
56227;Saint-Malo-des-Trois-Fontaines;hors unité urbaine;56;227
56251;Theix-Noyalo;unité urbaine;56;251
56257;La Trinité-Porhoët;hors unité urbaine;56;257
35031;La Bouëxière;unité urbaine;35;031
35039;Brécé;hors unité urbaine;35;039
35042;Brielles;hors unité urbaine;35;042
35071;Le Châtellier;hors unité urbaine;35;071
35108;Essé;hors unité urbaine;35;108
35165;Marcillé-Robert;hors unité urbaine;35;165
35186;Mont-Dol;hors unité urbaine;35;186
35200;Moutiers;hors unité urbaine;35;200
35215;Parigné;hors unité urbaine;35;215
35227;Pleumeleuc;unité urbaine;35;227
35251;Saint-Aubin-d'Aubigné;unité urbaine;35;251
35274;Saint-Germain-sur-Ille;hors unité urbaine;35;274
35278;Saint-Grégoire;unité urbaine;35;278
35333;Le Theil-de-Bretagne;unité urbaine;35;333
35345;Trévérien;hors unité urbaine;35;345
22262;Quintin;unité urbaine;22;262
22282;Saint-Cast-le-Guildo;unité urbaine;22;282
22307;Saint-Julien;unité urbaine;22;307
22369;Trémeur;hors unité urbaine;22;369
22030;Caouënnec-Lanvézéac;hors unité urbaine;22;030
22042;Coatréven;hors unité urbaine;22;042
22092;Kerpert;hors unité urbaine;22;092
22186;Pléneuf-Val-André;unité urbaine;22;186
22249;Pont-Melvez;hors unité urbaine;22;249
29126;Loc-Brévalaire;hors unité urbaine;29;126
29153;Névez;unité urbaine;29;153
29186;Plouezoc'h;unité urbaine;29;186
29230;Querrien;hors unité urbaine;29;230
22069;Guenroc;hors unité urbaine;22;069
22138;Maël-Pestivien;hors unité urbaine;22;138
22161;Pabu;unité urbaine;22;161
22198;Pleumeur-Bodou;unité urbaine;22;198
22202;Plévin;hors unité urbaine;22;202
22217;Plougras;hors unité urbaine;22;217
22241;Plumieux;hors unité urbaine;22;241
22264;La Roche-Jaudy;unité urbaine;22;264
22279;Saint-Caradec;hors unité urbaine;22;279
22312;Saint-Maden;hors unité urbaine;22;312
22359;Trégrom;hors unité urbaine;22;359
22365;Trémargat;hors unité urbaine;22;365
56076;Guern;hors unité urbaine;56;076
56091;Josselin;unité urbaine;56;091
56159;Pleucadeuc;hors unité urbaine;56;159
56186;Quiberon;unité urbaine;56;186
56189;Radenac;hors unité urbaine;56;189
56238;Saint-Tugdual;hors unité urbaine;56;238
35006;Argentré-du-Plessis;unité urbaine;35;006
35024;Betton;unité urbaine;35;024
35029;Bonnemain;hors unité urbaine;35;029
35058;La Chapelle-Chaussée;hors unité urbaine;35;058
35065;La Chapelle-Thouarault;unité urbaine;35;065
35070;Châteauneuf-d'Ille-et-Vilaine;hors unité urbaine;35;070
35105;Erbrée;hors unité urbaine;35;105
35134;Les Iffs;hors unité urbaine;35;134
35144;Langan;hors unité urbaine;35;144
35153;Lillemer;hors unité urbaine;35;153
35206;Noyal-Châtillon-sur-Seiche;unité urbaine;35;206
35214;Parcé;hors unité urbaine;35;214
35264;Saint-Didier;unité urbaine;35;264
35272;Saint-Germain-du-Pinel;hors unité urbaine;35;272
35291;Saint-Marcan;hors unité urbaine;35;291
35308;Mesnil-Roc'h;hors unité urbaine;35;308
35340;Treffendel;hors unité urbaine;35;340
22267;Rouillac;hors unité urbaine;22;267
22319;Saint-Michel-en-Grève;hors unité urbaine;22;319
22358;Trégonneau;hors unité urbaine;22;358
22019;Bringolo;hors unité urbaine;22;019
22088;Kerien;hors unité urbaine;22;088
22128;Locarn;hors unité urbaine;22;128
22146;Mellionnec;hors unité urbaine;22;146
22188;Plerneuf;unité urbaine;22;188
22219;Plouguenast-Langast;hors unité urbaine;22;219
22225;Ploumagoar;unité urbaine;22;225
29270;Saint-Urbain;hors unité urbaine;29;270
29292;Tréguennec;hors unité urbaine;29;292
35045;Bruc-sur-Aff;hors unité urbaine;35;045
35082;Coësmes;hors unité urbaine;35;082
35104;Epiniac;hors unité urbaine;35;104
35107;Ercé-près-Liffré;hors unité urbaine;35;107
35114;Forges-la-Forêt;hors unité urbaine;35;114
35137;Javené;unité urbaine;35;137
35139;Laillé;unité urbaine;35;139
35180;Miniac-sous-Bécherel;hors unité urbaine;35;180
35222;Pleine-Fougères;hors unité urbaine;35;222
35252;Saint-Aubin-des-Landes;hors unité urbaine;35;252
35325;La Selle-Guerchaise;hors unité urbaine;35;325
56013;Belz;unité urbaine;56;013
56036;Caudan;unité urbaine;56;036
56046;Crach;unité urbaine;56;046
56075;Guer;unité urbaine;56;075
56088;Île-d'Arz;hors unité urbaine;56;088
56094;Kervignac;unité urbaine;56;094
56097;Landévant;unité urbaine;56;097
56160;Pleugriffet;hors unité urbaine;56;160
56188;Quistinic;hors unité urbaine;56;188
56216;Saint-Gorgon;hors unité urbaine;56;216
56229;Saint-Martin-sur-Oust;hors unité urbaine;56;229
29029;Cléden-Poher;hors unité urbaine;29;029
29053;Le Faou;hors unité urbaine;29;053
29056;La Forest-Landerneau;hors unité urbaine;29;056
29140;Loperhet;unité urbaine;29;140
29189;Plougastel-Daoulas;unité urbaine;29;189
29202;Plounéour-Ménez;hors unité urbaine;29;202
29250;Saint-Hernin;hors unité urbaine;29;250
29252;Saint-Jean-Trolimon;unité urbaine;29;252
29263;Saint-Ségal;hors unité urbaine;29;263
29087;Le Juch;hors unité urbaine;29;087
29133;Locquirec;unité urbaine;29;133
29166;Ploéven;hors unité urbaine;29;166
29237;La Roche-Maurice;unité urbaine;29;237
29248;Saint-Frégant;hors unité urbaine;29;248
29262;Saint-Sauveur;hors unité urbaine;29;262
56007;Auray;unité urbaine;56;007
56020;Bohal;hors unité urbaine;56;020
56061;La Gacilly;unité urbaine;56;061
56086;Île-d'Houat;hors unité urbaine;56;086
56166;Plouay;unité urbaine;56;166
56245;Silfiac;hors unité urbaine;56;245
29275;Scrignac;hors unité urbaine;29;275
29289;Trégarvan;hors unité urbaine;29;289
22005;Belle-Isle-en-Terre;hors unité urbaine;22;005
22031;Carnoët;hors unité urbaine;22;031
22041;Coatascorn;hors unité urbaine;22;041
22097;La Landec;hors unité urbaine;22;097
22118;Lanvallay;unité urbaine;22;118
22124;Lescouët-Gouarec;hors unité urbaine;22;124
22171;Plaintel;unité urbaine;22;171
22245;Pluzunet;hors unité urbaine;22;245
22246;Pommeret;unité urbaine;22;246
22265;Rospez;hors unité urbaine;22;265
22294;Saint-Gilles-Pligeaux;hors unité urbaine;22;294
22313;Saint-Martin-des-Prés;hors unité urbaine;22;313
22354;Tréglamus;hors unité urbaine;22;354
22362;Tréguier;unité urbaine;22;362
22373;Tréogan;hors unité urbaine;22;373
22385;La Vicomté-sur-Rance;hors unité urbaine;22;385
35023;Bédée;unité urbaine;35;023
35037;Bréal-sous-Montfort;unité urbaine;35;037
35061;La Chapelle-Erbrée;hors unité urbaine;35;061
35063;La Chapelle-Saint-Aubert;hors unité urbaine;35;063
35072;Châtillon-en-Vendelais;hors unité urbaine;35;072
35079;Chevaigné;unité urbaine;35;079
35081;Clayes;hors unité urbaine;35;081
35089;La Couyère;hors unité urbaine;35;089
35099;Domloup;unité urbaine;35;099
35146;Langouet;hors unité urbaine;35;146
35149;Lassy;hors unité urbaine;35;149
35174;Mellé;hors unité urbaine;35;174
35315;Saint-Sulpice-la-Forêt;hors unité urbaine;35;315
35316;Saint-Sulpice-des-Landes;hors unité urbaine;35;316
35319;Saint-Thurial;hors unité urbaine;35;319
56070;Guégon;hors unité urbaine;56;070
56103;Lantillac;hors unité urbaine;56;103
56151;Noyal-Pontivy;unité urbaine;56;151
56164;Ploeren;unité urbaine;56;164
56172;Plumelec;hors unité urbaine;56;172
56211;Saint-Congard;hors unité urbaine;56;211
56214;Saint-Gildas-de-Rhuys;hors unité urbaine;56;214
56221;Saint-Jacut-les-Pins;hors unité urbaine;56;221
56237;Saint-Thuriau;hors unité urbaine;56;237
29003;Audierne;unité urbaine;29;003
29024;Carhaix-Plouguer;unité urbaine;29;024
29060;Gouesnach;unité urbaine;29;060
29168;Plogoff;hors unité urbaine;29;168
29174;Plonéour-Lanvern;unité urbaine;29;174
29190;Plougonvelin;unité urbaine;29;190
29208;Plourin;hors unité urbaine;29;208
29256;Saint-Nic;hors unité urbaine;29;256
29265;Sainte-Sève;hors unité urbaine;29;265
29273;Santec;unité urbaine;29;273
22263;Le Quiou;hors unité urbaine;22;263
22284;Saint-Connan;hors unité urbaine;22;284
22314;Saint-Maudan;hors unité urbaine;22;314
22344;Trébrivan;hors unité urbaine;22;344
22372;Trémuson;unité urbaine;22;372
22390;Yvias;hors unité urbaine;22;390
35085;Combourg;unité urbaine;35;085
35088;Corps-Nuds;unité urbaine;35;088
35140;Lalleu;hors unité urbaine;35;140
35172;Meillac;hors unité urbaine;35;172
35176;Guipry-Messac;unité urbaine;35;176
35191;Les Portes du Coglais;hors unité urbaine;35;191
35223;Plélan-le-Grand;unité urbaine;35;223
35286;Saint-Léger-des-Prés;hors unité urbaine;35;286
35296;Saint-Médard-sur-Ille;hors unité urbaine;35;296
35350;Vergéal;hors unité urbaine;35;350
22023;Bulat-Pestivien;hors unité urbaine;22;023
22040;Coadout;hors unité urbaine;22;040
22050;Dinan;unité urbaine;22;050
22060;Gausson;hors unité urbaine;22;060
22111;Lanmodez;unité urbaine;22;111
22141;Mantallot;hors unité urbaine;22;141
22194;Plestin-les-Grèves;unité urbaine;22;194
22218;Plougrescant;hors unité urbaine;22;218
22258;Quessoy;hors unité urbaine;22;258
22004;Bégard;unité urbaine;22;004
22012;La Bouillie;hors unité urbaine;22;012
22025;Callac;hors unité urbaine;22;025
22241;Coëtlogon;hors unité urbaine;22;241
22049;Créhen;hors unité urbaine;22;049
22053;Éréac;hors unité urbaine;22;053
22108;Lanleff;hors unité urbaine;22;108
22254;Prat;hors unité urbaine;22;254
22255;La Prénessaye;hors unité urbaine;22;255
56014;Berné;hors unité urbaine;56;014
56130;Merlevenez;unité urbaine;56;130
56131;Meslan;hors unité urbaine;56;131
56135;Molac;hors unité urbaine;56;135
56149;Noyal-Muzillac;hors unité urbaine;56;149
56261;La Vraie-Croix;hors unité urbaine;56;261
22293;Saint-Gilles-les-Bois;hors unité urbaine;22;293
35007;Aubigné;hors unité urbaine;35;007
35013;Bains-sur-Oust;hors unité urbaine;35;013
35022;Bécherel;hors unité urbaine;35;022
35057;La Chapelle-Bouëxic;hors unité urbaine;35;057
35260;Saint-Christophe-des-Bois;hors unité urbaine;35;260
35326;Sens-de-Bretagne;hors unité urbaine;35;326
35327;Servon-sur-Vilaine;unité urbaine;35;327
35354;Vieux-Viel;hors unité urbaine;35;354
35359;Visseiche;hors unité urbaine;35;359
29006;Bénodet;unité urbaine;29;006
29019;Brest;unité urbaine;29;019
29090;Kerlaz;hors unité urbaine;29;090
29098;Lampaul-Plouarzel;unité urbaine;29;098
29141;Loqueffret;hors unité urbaine;29;141
29160;Plabennec;unité urbaine;29;160
29227;Poullaouen;hors unité urbaine;29;227
22070;Guingamp;unité urbaine;22;070
22074;Le Haut-Corlay;hors unité urbaine;22;074
22090;Kermaria-Sulard;unité urbaine;22;090
22094;Lancieux;unité urbaine;22;094
22136;Loudéac;unité urbaine;22;136
22201;Plévenon;hors unité urbaine;22;201
22210;Ploubazlanec;unité urbaine;22;210
22227;Plounérin;hors unité urbaine;22;227
29018;Brennilis;hors unité urbaine;29;018
29031;Clohars-Carnoët;unité urbaine;29;031
29038;Commana;hors unité urbaine;29;038
29062;Gouézec;hors unité urbaine;29;062
29093;Kernilis;hors unité urbaine;29;093
29165;Plobannalec-Lesconil;unité urbaine;29;165
29204;Plounéventer;hors unité urbaine;29;204
29226;Poullan-sur-Mer;hors unité urbaine;29;226
56017;Bignan;hors unité urbaine;56;017
56019;Billio;hors unité urbaine;56;019
56051;Cruguel;hors unité urbaine;56;051
56052;Damgan;hors unité urbaine;56;052
56096;Landaul;hors unité urbaine;56;096
56193;Riantec;unité urbaine;56;193
56213;Saint-Gérand-Croixanvec;hors unité urbaine;56;213
56224;Saint-Laurent-sur-Oust;hors unité urbaine;56;224
56226;Saint-Malo-de-Beignon;hors unité urbaine;56;226
35012;Bain-de-Bretagne;unité urbaine;35;012
35028;Boistrudan;hors unité urbaine;35;028
35030;La Bosse-de-Bretagne;hors unité urbaine;35;030
35034;La Boussac;hors unité urbaine;35;034
35135;Irodouër;hors unité urbaine;35;135
35160;Loutehel;hors unité urbaine;35;160
35166;Marpiré;hors unité urbaine;35;166
35179;Miniac-Morvan;unité urbaine;35;179
35184;Montauban-de-Bretagne;unité urbaine;35;184
35207;Noyal-sur-Vilaine;unité urbaine;35;207
35220;Piré-Chancé;hors unité urbaine;35;220
35234;Quédillac;hors unité urbaine;35;234
35246;Roz-Landrieux;hors unité urbaine;35;246
35271;Saint-Georges-de-Reintembault;hors unité urbaine;35;271
35290;Saint-Malon-sur-Mel;hors unité urbaine;35;290
35355;Vieux-Vy-sur-Couesnon;hors unité urbaine;35;355
22271;Saint-Adrien;hors unité urbaine;22;271
22335;Senven-Léhart;hors unité urbaine;22;335
22337;Sévignac;hors unité urbaine;22;337
22368;Tréméreuc;unité urbaine;22;368
29281;Tourch;hors unité urbaine;29;281
